{
    "aircraft": {
        "name": "OUR_Glider",
        "wing_area[ft^2]": 7.75,
        "wing_span[ft]": 15.5
    },
    "operating": {
        "weight[lbf]": 1.5
    },
    "reference": {
        "CL": 0.5408291357832987,
        "Ixx[slugs*ft^2]": 4.697011115694444,
        "Iyy[slugs*ft^2]": 1.7275427794444445,
        "Izz[slugs*ft^2]": 6.356442822986111,
        "Ixy[slugs*ft^2]": -1.426388888888889e-07,
        "Ixz[slugs*ft^2]": 0.01170552,
        "Iyz[slugs*ft^2]": 1.9979166666666667e-06,
        "hx": 0,
        "hy": 0,
        "hz": 0,
        "CD0": 0.010470069318342403,
        "CD1": -0.01115354820845249,
        "CD2": 0.004922241998340088,
        "CL,a": 5.33573651751848,
        "Cl,a": 0,
        "Cm,a": -1.3132958636827943,
        "Cn,a": 0,
        "CL,ahat": 0.6517610161092235,
        "CD,ahat": 0,
        "Cm,ahat": -1.465843851481933,
        "CL,uhat": 0,
        "CD,uhat": 0,
        "Cm,uhat": 0,
        "CY,b": -0.23321919153143247,
        "Cl,b": -0.10129462304366141,
        "Cm,b": 2.3655375443384907e-14,
        "Cn,b": 0.022764755098595994,
        "CY,p": -7.066482801730072,
        "Cl,p": -0.4061475628661885,
        "Cn,p": 1.287989907018667,
        "CL,q": 23.1034572261807,
        "CD,q": 0.32701673276450266,
        "Cm,q": -123.99629800329397,
        "CY,r": -1.4312541101965806,
        "Cl,r": 0.1777772554798347,
        "Cn,r": 0.27708252606472833
    }
}