{
    "aircraft": {
        "name": "Baseline Glider",
        "wing_area[ft^2]": 7.5,
        "wing_span[ft]": 14
    },
    "operating": {
        "weight[lbf]": 2.605,
        "climb[deg]": 0.0,
        "density[slugs/ft^3]": 0.0023769
    },
    "reference": {
        "CL": 0.5408291357832987,
        "Ixx[slugs*ft^2]": 4.697011115694444,
        "Iyy[slugs*ft^2]": 1.7275427794444445,
        "Izz[slugs*ft^2]": 6.356442822986111,
        "Ixy[slugs*ft^2]": -1.426388888888889e-07,
        "Ixz[slugs*ft^2]": 0.01170552,
        "Iyz[slugs*ft^2]": 1.9979166666666667e-06,
        "hx": 0,
        "hy": 0,
        "hz": 0,
        "CD0": 0.010880741176457731,
        "CD1": -0.009463807211495586,
        "CD2": 0.004557711196432856,
        "CL,a": 5.2089222749322674,
        "Cl,a": 0,
        "Cm,a": -0.7711024639341906,
        "Cn,a": 0,
        "CL,ahat": 0.6517610161092235,
        "CD,ahat": 0,
        "Cm,ahat": -1.465843851481933,
        "CL,uhat": 0,
        "CD,uhat": 0,
        "Cm,uhat": 0,
        "CY,b": -0.2331944652385521,
        "Cl,b": -0.10120632089476661,
        "Cm,b": 1.4710065401768764e-14,
        "Cn,b": 0.022746508430153613,
        "CY,p": 0.11557721387766472,
        "Cl,p": -0.6537603893061027,
        "Cn,p": -0.09019443668387064,
        "CL,q": 5.349234760598172,
        "CD,q": 0.1021614418821436,
        "Cm,q": -18.310571222060155,
        "CY,r": 0.10473069419973795,
        "Cl,r": 0.1256678229220962,
        "Cn,r": -0.017449861804588372
    }
}