{
    "aircraft": {
        "name": "OUR_Glider",
        "wing_area[ft^2]": 7.75,
        "wing_span[ft]": 15.5
    },
    "operating": {
        "weight[lbf]": 1.4998951,
        "climb[deg]": 0.0,
        "density[slugs/ft^3]": 0.0023769
    },
    "reference": {
        "CL": 0.44061299999998826,
        "Ixx[slugs*ft^2]": 4.701060719166667,
        "Iyy[slugs*ft^2]": 1.727527638888889,
        "Izz[slugs*ft^2]": 6.356427682430556,
        "Ixy[slugs*ft^2]": -1.426388888888889e-07,
        "Ixz[slugs*ft^2]": 0.01170552,
        "Iyz[slugs*ft^2]": 1.9979166666666667e-06,
        "hx": 0,
        "hy": 0,
        "hz": 0,
        "CD0": 0.007205710974031303,
        "CD1": -0.006130816649523362,
        "CD2": 0.004303852662644036,
        "CL,a": 5.3280167742520295,
        "Cl,a": 0,
        "Cm,a": -1.3727853727321417,
        "Cn,a": 0,
        "CL,ahat": 0.6517610161092235,
        "CD,ahat": 0,
        "Cm,ahat": -1.465843851481933,
        "CL,uhat": 0,
        "CD,uhat": 0,
        "Cm,uhat": 0,
        "CY,b": -0.2444342963725884,
        "Cl,b": -0.10192452783049095,
        "Cm,b": 4.241567844732987e-14,
        "Cn,b": 0.025078652083583366,
        "CY,p": -0.19999503362886784,
        "Cl,p": -0.6418272418374203,
        "Cn,p": -0.01994680211215265,
        "CL,q": 5.2805195991232745,
        "CD,q": 0.10491111620451922,
        "Cm,q": -18.47646185670988,
        "CY,r": 0.07338011674146301,
        "Cl,r": 0.11941981471707291,
        "Cn,r": -0.012019055366660331
    }
}