{
    "aircraft": {
        "name": "OUR_Glider",
        "wing_area[ft^2]": 7.75,
        "wing_span[ft]": 15.5
    },
    "operating": {
        "weight[lbf]": 1.5,
        "climb[deg]": 0.0,
        "density[slugs/ft^3]": 0.0023769
    },
    "reference": {
        "CL": 0.5408291357832987,
        "Ixx[slugs*ft^2]": 4.697011115694444,
        "Iyy[slugs*ft^2]": 1.7275427794444445,
        "Izz[slugs*ft^2]": 6.356442822986111,
        "Ixy[slugs*ft^2]": -1.426388888888889e-07,
        "Ixz[slugs*ft^2]": 0.01170552,
        "Iyz[slugs*ft^2]": 1.9979166666666667e-06,
        "hx": 0,
        "hy": 0,
        "hz": 0,
        "CD0": 0.010880741176457731,
        "CD1": -0.009463807211495586,
        "CD2": 0.004557711196432856,
        "CL,a": 5.328016774252064,
        "Cl,a": 0,
        "Cm,a": -1.3722528777351402,
        "Cn,a": 0,
        "CL,ahat": 0.6517610161092235,
        "CD,ahat": 0,
        "Cm,ahat": -1.465843851481933,
        "CL,uhat": 0,
        "CD,uhat": 0,
        "Cm,uhat": 0,
        "CY,b": -0.2444342963743617,
        "Cl,b": -0.10191238449228433,
        "Cm,b": 2.4698994948240122e-14,
        "Cn,b": 0.025078884979027407,
        "CY,p": -0.19996969207175963,
        "Cl,p": -0.641807217329262,
        "Cn,p": -0.019949305470603446,
        "CL,q": 5.283570731258064,
        "CD,q": 0.10491254034733886,
        "Cm,q": -18.476887960593064,
        "CY,r": 0.07338060241978811,
        "Cl,r": 0.1194163627437741,
        "Cn,r": -0.012019176882975026
    }
}