{
    "aircraft": {
        "name": "OUR_Glider",
        "wing_area[ft^2]": 7.75,
        "wing_span[ft]": 15.5
    },
    "operating": {
        "weight[lbf]": 1.267,
        "climb[deg]": 0.0,
        "density[slugs/ft^3]": 0.0023769
    },
    "reference": {
        "CL": 0.550000000032705,
        "Ixx[slugs*ft^2]": 0.14618588747280073,
        "Iyy[slugs*ft^2]": 0.059729561703450416,
        "Izz[slugs*ft^2]": 0.205085483369599,
        "Ixy[slugs*ft^2]": 0,
        "Ixz[slugs*ft^2]": 0.000195834628535903,
        "Iyz[slugs*ft^2]": 0,
        "hx": 0,
        "hy": 0,
        "hz": 0,
        "CD0": 0.01267051793304798,
        "CD1": -0.005492173320512491,
        "CD2": 0.017077837998006308,
        "CL,a": 5.3894549197928265,
        "Cl,a": 0,
        "Cm,a": -1.5596545230971786,
        "Cn,a": 0,
        "CL,ahat": 0.05544433799336864,
        "CD,ahat": 0,
        "Cm,ahat": -0.1694877968119286,
        "CL,uhat": 0,
        "CD,uhat": 0,
        "Cm,uhat": 0,
        "CY,b": -0.1872223952672596,
        "Cl,b": -0.07463311130941251,
        "Cm,b": 1.2722218725854067e-14,
        "Cn,b": 0.0033805212417671576,
        "CY,p": -0.16237069002145554,
        "Cl,p": -0.6607153334082926,
        "Cn,p": -0.042086602995078916,
        "CL,q": 3.140838748055993,
        "CD,q": 0.5118319068010533,
        "Cm,q": -33.10228456035125,
        "CY,r": 0.056343852441937334,
        "Cl,r": 0.1761123635762406,
        "Cn,r": -0.010007974488182525
    }
}