{
    "aircraft": {
        "name": "OUR_Glider",
        "wing_area[ft^2]": 7.75,
        "wing_span[ft]": 15.5
    },
    "operating": {
        "weight[lbf]": 1.26709387,
        "climb[deg]": 0.0,
        "density[slugs/ft^3]": 0.0023769
    },
    "reference": {
        "CL": 0.5500000000018974,
        "Ixx[slugs*ft^2]": 4.701919368263889,
        "Iyy[slugs*ft^2]": 2.0561291261805557,
        "Izz[slugs*ft^2]": 6.749246270347222,
        "Ixy[slugs*ft^2]": -2.3749999999999998e-08,
        "Ixz[slugs*ft^2]": 0.0021060339583333335,
        "Iyz[slugs*ft^2]": 1.0902777777777777e-07,
        "hx": 0,
        "hy": 0,
        "hz": 0,
        "CD0": 0.008771001257278619,
        "CD1": -9.6570833669161e-05,
        "CD2": 0.01699105018790557,
        "CL,a": 5.39431894125221,
        "Cl,a": 0,
        "Cm,a": 2.818098508056625,
        "Cn,a": 0,
        "CL,ahat": 0.9129274209766886,
        "CD,ahat": 0,
        "Cm,ahat": -2.7387822629300658,
        "CL,uhat": 0,
        "CD,uhat": 0,
        "Cm,uhat": 0,
        "CY,b": -0.17827169666568005,
        "Cl,b": -0.042028902243429284,
        "Cm,b": 2.902256146835459e-14,
        "Cn,b": -0.0007597548560767741,
        "CY,p": -0.10285141664318585,
        "Cl,p": -0.662180387952758,
        "Cn,p": -0.0680373425057352,
        "CL,q": -5.05533010107882,
        "CD,q": 0.5587760901948167,
        "Cm,q": -33.8634885860198,
        "CY,r": 0.021386497199539778,
        "Cl,r": 0.10055963772592985,
        "Cn,r": -0.0032889254501891146
    }
}