{
    "aircraft": {
        "name": "OUR_Glider",
        "wing_area[ft^2]": 7.75,
        "wing_span[ft]": 15.5
    },
    "operating": {
        "weight[lbf]": 1.268217,
        "climb[deg]": 0.0,
        "density[slugs/ft^3]": 0.0023769
    },
    "reference": {
        "CL": 0.5500000000018974,
        "Ixx[slugs*ft^2]": 4.701755866597222,
        "Iyy[slugs*ft^2]": 2.0602083333333336,
        "Izz[slugs*ft^2]": 6.753506944444444,
        "Ixy[slugs*ft^2]": -1.611111111111111e-08,
        "Ixz[slugs*ft^2]": 0.004003688611111111,
        "Iyz[slugs*ft^2]": 1.1041666666666667e-07,
        "hx": 0,
        "hy": 0,
        "hz": 0,
        "CD0": 0.008771001257278619,
        "CD1": -9.6570833669161e-05,
        "CD2": 0.01699105018790557,
        "CL,a": 5.39431894125221,
        "Cl,a": 0,
        "Cm,a": 2.811134551839324,
        "Cn,a": 0,
        "CL,ahat": 0.9129274209766886,
        "CD,ahat": 0,
        "Cm,ahat": -2.7387822629300658,
        "CL,uhat": 0,
        "CD,uhat": 0,
        "Cm,uhat": 0,
        "CY,b": -0.17827169666568005,
        "Cl,b": -0.04202637193548035,
        "Cm,b": 2.1866313435061677e-14,
        "Cn,b": -0.0007520259154213113,
        "CY,p": -0.10284563504256831,
        "Cl,p": -0.6621777330459938,
        "Cn,p": -0.06803299669106859,
        "CL,q": -5.039902606707965,
        "CD,q": 0.5576663649116084,
        "Cm,q": -33.849507120185024,
        "CY,r": 0.021403968722763247,
        "Cl,r": 0.10056298400996119,
        "Cn,r": -0.003290163470719789
    }
}