{
    "aircraft": {
        "name": "OUR_Glider",
        "wing_area[ft^2]": 7.75,
        "wing_span[ft]": 15.5
    },
    "operating": {
        "weight[lbf]": 1.4998951,
        "climb[deg]": 0.0,
        "density[slugs/ft^3]": 0.0023769
    },
    "reference": {
        "CL": 0.5408291357832987,
        "Ixx[slugs*ft^2]": 4.701060719166667,
        "Iyy[slugs*ft^2]": 1.727527638888889,
        "Izz[slugs*ft^2]": 6.356427682430556,
        "Ixy[slugs*ft^2]": -1.426388888888889e-07,
        "Ixz[slugs*ft^2]": 0.01170552,
        "Iyz[slugs*ft^2]": 1.9979166666666667e-06,
        "hx": 0,
        "hy": 0,
        "hz": 0,
        "CD0": 0.010470069318342403,
        "CD1": -0.01115354820845249,
        "CD2": 0.004922241998340088,
        "CL,a": 5.3280167742520295,
        "Cl,a": 0,
<<<<<<< HEAD
        "Cm,a": -1.372785372732108,
=======
        "Cm,a": -1.3722528777351726,
>>>>>>> f0c152218a92e179d03cfae8823b1fb9928d25cb
        "Cn,a": 0,
        "CL,ahat": 0.6517610161092235,
        "CD,ahat": 0,
        "Cm,ahat": -1.465843851481933,
        "CL,uhat": 0,
        "CD,uhat": 0,
        "Cm,uhat": 0,
<<<<<<< HEAD
        "CY,b": -0.2444342963743617,
        "Cl,b": -0.10192452783042673,
        "Cm,b": 2.5916551037237874e-14,
        "Cn,b": 0.025078652083923205,
        "CY,p": -0.19999503363300652,
        "Cl,p": -0.6418272418372705,
        "Cn,p": -0.019946802111365944,
        "CL,q": 5.280519599122078,
        "CD,q": 0.10491111620471202,
        "Cm,q": -18.476461856709385,
        "CY,r": 0.07338011674161082,
        "Cl,r": 0.1194198147170749,
        "Cn,r": -0.012019055366688984
=======
        "CY,b": -0.2444342963725884,
        "Cl,b": -0.10191238449234861,
        "Cm,b": 4.0974489607291713e-14,
        "Cn,b": 0.025078884978687543,
        "CY,p": -0.19996969205996465,
        "Cl,p": -0.6418072173297127,
        "Cn,p": -0.01994930547287188,
        "CL,q": 5.283570731257668,
        "CD,q": 0.10491254034735135,
        "Cm,q": -18.476887960587938,
        "CY,r": 0.07338060242081258,
        "Cl,r": 0.11941636274374008,
        "Cn,r": -0.012019176883171147
>>>>>>> f0c152218a92e179d03cfae8823b1fb9928d25cb
    }
}