{
    "aircraft": {
        "name": "OUR_Glider",
        "wing_area[ft^2]": 7.75,
        "wing_span[ft]": 15.5
    },
    "operating": {
        "weight[lbf]": 1.268217,
        "climb[deg]": 0.0,
        "density[slugs/ft^3]": 0.0023769
    },
    "reference": {
        "CL": 0.5500000000018976,
        "Ixx[slugs*ft^2]": 0.14615851315709943,
        "Iyy[slugs*ft^2]": 0.06391448946784443,
        "Izz[slugs*ft^2]": 0.20979938670647255,
        "Ixy[slugs*ft^2]": 0,
        "Ixz[slugs*ft^2]": -0.0004973577867578489,
        "Iyz[slugs*ft^2]": 0,
        "hx": 0,
        "hy": 0,
        "hz": 0,
        "CD0": 0.008784471788368527,
        "CD1": -0.0016505901213465565,
        "CD2": 0.01830747251820698,
        "CL,a": 5.39431894125221,
        "Cl,a": 0,
        "Cm,a": -2.8111345518393267,
        "Cn,a": 0,
        "CL,ahat": 0.0556304948996465,
        "CD,ahat": 0,
        "Cm,ahat": -0.1668914846989395,
        "CL,uhat": 0,
        "CD,uhat": 0,
        "Cm,uhat": 0,
        "CY,b": -0.17827169666568282,
        "Cl,b": -0.04202637193547849,
        "Cm,b": 1.828818941841522e-14,
        "Cn,b": -0.0007520259154209262,
        "CY,p": -0.10284555698596531,
        "Cl,p": -0.6621773676329132,
        "Cn,p": -0.06803301451556452,
        "CL,q": -5.039905308488645,
        "CD,q": 0.5576664947970499,
        "Cm,q": -33.84949199434164,
        "CY,r": 0.021385355638222057,
        "Cl,r": 0.10056292667515868,
        "Cn,r": -0.003286686876435753
    }
}
